{
    "model__C": 1.7081004852761257,
    "model__degree": 1,
    "model__gamma": 0.0013348392670985041,
    "model__kernel": "linear"
}