{
  "CSP__n_components": 11,
  "preprocessing__epoch_tmin": 0.814206803307085,
  "preprocessing__h_freq": 20.0,
  "preprocessing__l_freq": 12.74574024624581
}