{
    "model__C": 1.210677038764506,
    "model__degree": 1,
    "model__gamma": 0.010041045666698537,
    "model__kernel": "linear"
}