{
  "CSP__n_components": 10,
  "preprocessing__epoch_tmin": 0.9406980544559198,
  "preprocessing__h_freq": 19.744883698668612,
  "preprocessing__l_freq": 12.983158952287727
}