{
    "CSP__n_components": 9,
    "preprocessing__epoch_tmin": 1.0754289498233596,
    "preprocessing__h_freq": 19.20077778833017,
    "preprocessing__l_freq": 10.10221743378826
}