{
    "preprocessing__epoch_tmin": 1.3268708269427063,
    "preprocessing__h_freq": 19.974605139978333,
    "preprocessing__l_freq": 10.621723166253712
}